id,first_name,last_name,birthdate,city
1,Ody,Arthy,1997,Amparafaravola
2,Holly,Dore,1993,Mungui
3,Lucilia,Kynforth,1989,Muheza
4,Lindsey,Hogben,2011,Longwan
5,Chuck,Robson,2001,Semampirbarat
6,Rustie,Stollenhof,1980,Paris 06
7,Ambros,Eliet,1988,Ujazd
8,Lianna,Puttan,2010,Lufang
9,Maris,Slocum,2001,Gravataí
10,Kev,Timby,1991,Shuigou
11,Igor,Currie,2006,Ino
12,Meggy,Fryer,1999,Sampir
13,Millard,Colleran,1998,Yang Chum Noi
14,Windy,Scrivin,1992,Balengbeng
15,Mel,Dulinty,1993,Iiyama
16,Bonnibelle,Baxendale,2012,Wapno
17,Mercedes,Milkin,1993,Brejoeira
18,Eldredge,Romney,1987,Tyachiv
19,Geraldine,Tieraney,2010,Cienfuegos
20,Frieda,Mundy,2001,Meziměstí
21,Alfonse,Leades,2008,Wangcun
22,Abba,Dermott,2002,Soure
23,Carolann,Runge,2012,Vila Verde
24,Chane,Gillio,2008,Palla
25,Lonni,Handslip,2012,Épernay
26,Hailey,Mallall,1994,Santiago del Torno
27,Corena,Santo,1988,Huixian Chengguanzhen
28,Flss,Caulkett,1987,Baiyangwan
29,Brenden,Kenworthey,2011,Claresholm
30,Beverlee,Filkin,1995,Sagua la Grande
31,Inez,Pateman,2010,Aleksandrów
32,Sven,Morsom,2007,Leloboko
33,Dale,Greenside,2008,Batukuta
34,Ciel,Schechter,2005,Qulsary
35,Jeffie,Balchen,2002,Topol’noye
36,Liz,Culbert,1997,Shushary
37,Isa,Matthewman,2006,Telsen
38,Madeline,Hulson,2004,Raškovice
39,Romain,Ryder,2004,Ozubulu
40,Belita,Culvey,1993,Quesada
41,Roberto,Mc Meekan,1997,Kalate
42,Ailyn,Ingleson,1992,Yefimovskiy
43,Britt,Kembrey,1999,Chonogol
44,Karin,Bertwistle,1998,Ban Phaeo
45,Ursuline,Bougen,1998,Rezé
46,Bengt,Pender,2004,Puerto Berrío
47,Raleigh,Nanetti,2007,Shetangpo
48,Jaquith,Croxall,2008,Peroguarda
49,Ardra,Gallichiccio,2003,Camatindi
50,Sallyanne,Benardet,1996,Pakel
51,Terrijo,Pantling,1995,Viana
52,Arlinda,Jeandel,1989,Cutral-Có
53,Myrtia,Jedrysik,2004,Kamogatachō-kamogata
54,Neilla,Luno,2002,Balatun
55,Lianne,Morales,2011,Mangaratiba
56,Casper,Meenehan,2012,Nacaome
57,Bria,Dahler,2007,Don Chedi
58,Olivie,Trusdale,2008,San Andrés Villa Seca
59,Stevie,Spaxman,2009,Tayug
60,Jacob,Tipper,1994,Kratié
61,Arlin,Iskov,1998,San Bernardino
62,Saleem,Swapp,2005,Paratinga
63,Laurel,Napthine,2006,Boketu
64,Forest,Tregidga,2007,Castres
65,Angie,Sunshine,2009,Zhangjiang
66,Wandie,Moyles,1990,Batangtoru
67,Jarad,Sugden,1987,Daejeon
68,Krissie,Ramlot,2010,Liborina
69,Kelsi,Tearney,2012,Kandahār
70,Alta,Loughlin,2005,Mongu
71,Sully,Baudichon,1988,Pingqiao
72,Drusie,Elcocks,1995,Boyu
73,Curr,Kimblen,2007,Bordeaux
74,Leanora,Phinnis,2001,Hägersten
75,Shawnee,Kop,2001,Ādaži
76,Lurline,Stadden,1994,Sankera
77,Meredith,Waters,2006,Los Santos
78,Row,Ponnsett,1994,An Lão
79,Lacie,Ginnelly,2000,Podgorenskiy
80,Cristionna,Castello,1995,Skála Oropoú
81,Susann,Gabrieli,1984,Propriá
82,Stirling,Sterley,2009,Feni
83,Dorthy,Lindmark,2002,Moravská Nová Ves
84,Odette,De Witt,2005,Sawahan
85,Sylvia,Airth,1996,El Carmen
86,Valentine,Fanti,2002,Tuzha
87,Enoch,Durban,2011,Bagangan
88,Matilda,Maliffe,1997,Barmash
89,Thorpe,Gledhill,1990,Ancol
90,Aloysia,Spatig,2000,Stockholm
91,Grissel,Kuhlen,2013,Bajomulyo
92,Blondell,MacMenamy,2004,Camden
93,Orelie,Donaghie,2000,Paris 18
94,Chevy,Grzelczyk,2012,Xin’an
95,Darci,Ladbrook,1993,Västerås
96,Sandro,Kalkofer,2010,Misasi
97,Oliy,Kment,2002,Dampit Satu
98,Patience,Kearsley,1994,Bielawy
99,Cindi,Dobrovsky,1996,Cipaku
100,Nada,Whitwell,2002,Gandra
101,Ricard,Gerritzen,2007,Zheshan
102,Gerri,Syalvester,1995,Paris 09
103,Lilia,Creese,2003,Lurugan
104,Lacee,Camfield,1993,Usuki
105,Allene,Dumke,2004,Sydney
106,Seymour,Wingar,2006,Bayt Līd
107,Shandeigh,Scedall,1993,Zavoronezhskoye
108,Donny,Pashba,2007,Xiangshan
109,Mannie,Hauck,2013,Yeyik
110,Freddi,Ribou,2001,Krásná Lípa
111,Conan,Yuryev,1988,Pinamalayan
112,Nonnah,Fuidge,1998,Los Angeles
113,Arny,Grenshiels,1994,Mandor
114,Maggi,Dulanty,1997,Ntsoudjini
115,Eulalie,Langmead,1984,Pakapasan Girang
116,Sheffield,Russilll,2003,Ménaka
117,Bride,Gaishson,1992,Chixi
118,Parrnell,McFadzean,1998,Melong
119,Lusa,Greenhalf,1998,Xinsheng
120,Alia,Karus,2008,Shanguang
121,Baryram,Muddiman,2008,Castlebridge
122,Cymbre,Laird-Craig,2007,Gebang
123,Rodi,Falcus,1989,Bouarouss
124,Arturo,Waddilow,1997,Vitez
125,Leigh,Larrington,2011,Zuolan
126,Fields,Dovidian,1965,Sāqayn
127,Carmel,Brainsby,1961,Monte Santo de Minas
128,Pepita,Trustrie,2003,Wesoła
129,Floyd,Leopard,2004,Jiuheyuan
130,Keelia,Reeme,2012,Shibīn al Kawm
131,Skelly,De L'Isle,2008,Sajia
132,Cassaundra,Weich,2007,Dārāb
133,Shandy,Dowzell,2011,Drahichyn
134,Walther,Hallyburton,2002,Gunungkendeng
135,Prescott,Dellenbrok,2002,Edsbyn
136,Garland,Humbell,2007,Kuantan
137,Emmi,Adelman,2011,Pirava
138,Ninette,Nagle,2000,Sikasso
139,Lauri,Banbury,1992,Yangjiaping
140,Maryrose,Bedell,2009,Nyaunglebin
141,Lindsay,Ainscow,1995,Santa Ana Huista
142,Kelley,Broom,2002,Krasae Sin
143,Cornelius,Samweyes,1993,Łomazy
144,Natalie,Cacacie,2007,Jingguan
145,Ferrell,Giacopini,2008,Morelos
146,Robinia,Olivelli,1986,San Vicente de Moravia
147,Artair,Cranmor,1997,Rokietnica
148,Robin,Franzetti,1998,Sindanghayu
149,Jazmin,Lebourn,2003,Pittsburgh
150,Idelle,Collingwood,2006,Topi
151,Wallie,Storie,2005,Chkalov
152,Aeriela,Dreus,1996,Dublje
153,Wynnie,O'Leary,1995,Jiangkou
154,Tammie,McKerrow,2001,São Manuel
155,Dena,Couche,2011,Doro Oo
156,Vonnie,Hampstead,2000,Nila Dua
157,Emile,Forson,1994,Hwangju-ŭp
158,Jere,Prozescky,1999,Toulouse
159,Danell,Hobell,1999,Kasba Tadla
160,Towney,Wabb,1988,Qikeshu
161,Curt,Sample,2003,Veverská Bítýška
162,Deonne,McLeary,1995,Krasnokholmskiy
163,Querida,Itzcak,1987,Quinchía
164,Delores,Shepheard,1999,Varnávas
165,Shandra,Borell,1999,Williston
166,Ker,Draxford,1987,Wādī as Salqā
167,Seward,Renhard,1992,Boguchar
168,Betteanne,Korpal,1996,Ketara
169,Robbie,Garlant,1998,Genève
170,Korella,Meenan,1991,Sundsvall
171,Adi,Adin,2011,Ayo
172,Darci,Mannin,1997,Lelkowo
173,Venus,Calveley,1998,Zhangcunping
174,Rhonda,Gaish,2007,Berlin
175,Avril,Tyght,1998,Kotor
176,Lorin,Vokins,2012,Parawan
177,Corliss,Ryott,2011,Sendangagung
178,Arlie,MacHoste,2011,Noupoort
179,Scotti,McLarens,2007,Yāsūf
180,Lois,Sawtell,2006,General Cabrera
181,Gertrud,Berzon,1994,Qarāwul
182,Karel,Muldownie,1990,San Martin
183,Rutter,Gauson,2006,Jincheng
184,D'arcy,Braidford,2011,Tres Isletas
185,Ali,Dexter,1999,Yiyang
186,Royal,Heselwood,2003,Igarassu
187,Olympia,Tansey,1990,Matsumoto
188,Humbert,Beckley,1990,Visconde do Rio Branco
189,Margie,Lightbourne,1992,Asaita
190,Guenevere,Mossop,1989,Newton
191,Verile,Piscopiello,2009,Chashan
192,Jaclin,Grint,2001,Veiros
193,Allistir,Ahmad,1993,Alcaldedíaz
194,Drusie,Meikle,2007,Jinotepe
195,Clarey,Ciccotti,1994,Guanajay
196,Mackenzie,Immings,1992,Vyshchetarasivka
197,Liam,Alleway,1999,Agua Blanca
198,Hersh,Spellworth,2008,Canton
199,Chandra,Leisk,1964,Maslovare
200,Annaliese,Cuffin,2004,Dolní Černilov
201,Kiersten,De Ambrosis,1986,Guishan
202,Conchita,Dechelle,2002,Hechuan
203,Jeralee,Longland,2010,Al Khāniq
204,Edithe,Bigby,2012,Strenči
205,Katrina,Florez,2002,Logan Lake
206,Lucho,Gapper,1995,Ewirgol
207,Emalee,Kitteridge,1959,Shiyu
208,Spense,Yeiles,2007,Mora
209,Freddy,Sheather,2007,Karlstad
210,Victoria,Bedrosian,1968,Zapala
211,Natividad,Raulstone,1995,Suileng
212,Colan,Gorrissen,1997,Hennenman
213,Estell,Muck,2006,Isfana
214,Noami,Yoselevitch,2010,Zhugentan
215,Briggs,Kitlee,2011,Ljungby
216,Thomas,Bearsmore,2010,Shuitai
217,Leila,Faragher,2010,Guancangping
218,Ardelle,Paunton,2000,Beijie
219,Jeana,Barkes,2004,Hougaoshizhuang
220,Hannah,Beamiss,1998,Chicago
221,Nicola,Cosh,2009,Huanggang
222,Jenica,Coogan,2000,Bebekan
223,Aloysius,Bedrosian,1986,Seattle
224,Pru,Eberdt,2004,Boshof
225,Daryl,Kumar,1989,Fuerte
226,Elias,O'Leahy,2012,Águas de Lindóia
227,Mariya,Shawdforth,1994,Tanahmerah
228,Cullan,Laverty,1993,Baumata
229,Burton,Estoile,1994,Kelapa
230,Robinette,Linnane,1998,Rezh
231,Mead,Faltskog,1997,Bloemhof
232,Danielle,Bolles,2007,Qiaobian
233,Shirlee,Dullingham,2002,Foros do Trapo
234,Noby,Finker,2011,Figueira
235,Mariquilla,Americi,1998,Rungis
236,Arvin,Amthor,2011,Pokrovskoye
237,Myles,Dutnell,1991,New Orleans
238,Mackenzie,Sparling,1996,Freire
239,Alexandro,Pelz,2000,Aldeia
240,Curcio,Robberts,2010,Alejandro Roca
241,Aldrich,Giff,2006,Turgun
242,Dario,Makepeace,1998,Kawęczyn
243,Corri,Gergely,1996,Santa Fe de la Vera Cruz
244,Koressa,Scruton,1998,Aguazul
245,Kattie,Massy,2011,Culianin
246,Dorita,Siggery,1979,Baffa
247,Nadya,Tremaine,1994,Chepareria
248,Paxton,Riolfo,2004,Urbiztondo
249,Tony,Pyffe,2001,Niederanven
250,Zia,Alpes,1996,San Jose
251,Thurstan,Cowdrey,1990,G‘azalkent
252,Annecorinne,McKyrrelly,2000,Haishan
253,Georgetta,Bryns,1995,Semīrom
254,Pierette,Colam,2004,Bentar
255,Astrid,Kinny,1989,Rincón
256,Marrissa,Kopf,2013,Toronto
257,Belicia,Riepel,2010,Póvoa de Penela
258,Janaya,Crossby,1984,Riga
259,Kassandra,Raye,2009,Lafia
260,Pat,Saban,1998,Bordeaux
261,Tristan,Thaxter,1998,Tenancingo
262,Jacenta,Sedgmond,2002,Praszka
263,Kean,Hursthouse,2002,Chornukhyne
264,Waylan,Ickowics,2009,Dziergowice
265,Rita,Kahn,1999,Montpellier
266,Tanitansy,Schoular,1993,Suwaru
267,Saunder,McKintosh,2013,Grande Prairie
268,Rivi,Donati,1992,Perpignan
269,Linn,Bertelet,2001,San Lorenzo
270,Jessica,Borless,2007,Desnogorsk
271,Mariquilla,Hartwell,1996,Kadoma
272,Hewitt,Trimbey,2011,Antrukan
273,Wendi,Franzewitch,1970,Yingcui
274,Fairfax,Spellworth,2002,Chernyakhovsk
275,Gaby,Sallnow,2005,Serednye
276,Evan,Vella,2009,Kario
277,Ali,Swires,1999,Pupiales
278,Emmalyn,Cowthart,2010,Zagnitkiv
279,Marius,Allchin,2004,Paola
280,Josefa,Brok,2007,Luklukan
281,Kristofer,Halford,2002,Gasi
282,Ruggiero,Bourthouloume,1996,Xiling
283,Anton,Gallienne,1968,Oslo
284,Lelia,Duckhouse,2010,Sanjiang
285,Fair,Inder,1988,Seiça
286,Kordula,Seale,2003,Guandian
287,Hamilton,Forestall,2007,Svetlograd
288,Hardy,Rowbottam,1968,Reutlingen
289,Lana,Gravet,2004,Malawag
290,Crichton,Pettman,2007,Energeticheskiy
291,Eugenie,Hyatt,2001,Dasuk
292,Millisent,Calverley,2012,Ciherang
293,Papageno,Buffham,2008,Leudelange
294,Rowena,Stoffer,1991,Santa Monica
295,Lissie,Borges,2006,Hadano
296,Dorree,Hodgins,2008,Matamey
297,Byrom,Trustie,2001,Banjar Lalangpasek
298,Sherye,Youel,2011,Teresa
299,Clovis,Heinl,2005,Shilu
300,Eugine,Lowe,1986,Thoeng
301,Misty,Pickett,2003,Verkhnyachka
302,Tammie,Duthie,1989,San Nicolás
303,Trey,Statter,2011,Santa Rosa
304,Rodrick,Embleton,1988,Majagual
305,Erny,Tench,2004,Ekasapta
306,Whitman,Morch,1984,Sok Kwu Wan
307,Roberto,Flecknoe,1999,Sóc Trăng
308,Tasia,Greendale,1986,Leshukonskoye
309,Jacques,Chastney,2011,Owen Sound
310,Caril,Wase,2008,Peicheng
311,Batholomew,Persich,2011,Razgrad
312,Riva,Yarmouth,1989,Vichy
313,Bevvy,Norcock,2010,Gostilitsy
314,Millicent,Bagnell,1998,K’ulashi
315,Sabra,Wolfer,1993,Longwei
316,Karon,Quenell,2010,Laoag
317,Calli,Papis,2004,Yokkaichi
318,Vitia,Klehn,1994,Beaufort West
319,Barnie,Teasey,1985,Sucre
320,Arleyne,Pendlington,2008,Kouango
321,Kenna,Braunds,1999,Iizuka
322,Daniella,Gerren,2008,Sukadami
323,Petrina,Thornebarrow,2007,Eséka
324,Krispin,Bulford,2012,Qimantage
325,Bride,Tomczynski,2000,Valuyki
326,Jamie,Ffoulkes,1992,Esch-sur-Alzette
327,Vallie,Boase,1999,Olleros
328,Linn,Grahame,1994,Versailles
329,Storm,Godball,2010,Margasari
330,Cirstoforo,Everist,1990,Puricay
331,Corilla,Gowanson,1999,Santa Cruz do Rio Pardo
332,Obidiah,Bagnall,1997,Pavlovskiy Posad
333,Kitty,Cousins,2004,Balpyk Bī
334,Eleen,Hughlin,1995,Bondy
335,Cara,Dodge,1998,Tangjin
336,Flem,McKenney,2004,Beixiaoying
337,Sherri,Pirolini,1993,Xianning
338,Florian,Brunet,2005,Portel
339,Asa,Haw,1999,Tuwiri Wetan
340,Lewie,Pitchers,1998,Shebekino
341,Octavius,Hawksworth,2010,Balengbeng
342,James,Le feaver,2010,Delicias
343,Loren,Dyerson,2012,Pueblo Nuevo
344,Ferdy,Thornham,2009,Ivyanyets
345,Allyce,Garrard,1992,Concepción
346,Umberto,Peller,2010,Dihtyari
347,Carver,O'Griffin,1995,Timmins
348,Christy,Assante,1997,Mirabel
349,Franklyn,Macartney,2009,Nizhniy Tagil
350,Conant,Neave,2008,Hovězí
351,Delmor,Woodburne,2012,Yavne
352,Dev,Dmiterko,2010,Bago City
353,Ileana,Matuska,2013,Buenaventura
354,Wayne,Callf,2012,La Cesira
355,Winston,Prestney,2011,Anār Darah
356,Caleb,Balaizot,2000,Haikou
357,Cosmo,Vacher,1990,Orikhiv
358,Jimmy,Braisby,2009,Strání
359,Estella,Jagson,2001,Voronezh
360,Delila,Jonson,1998,Druzhny
361,Barbee,Propper,1984,Ciulu
362,Jessica,Leatherborrow,2000,Shangpai
363,Billie,Coade,2009,Fylí
364,Riobard,Mosedall,1967,Englewood
365,Cullin,Kaasmann,1995,Cacoal
366,Amalle,Iskov,2012,Đồng Mỏ
367,Bent,Beange,2000,Sugcad
368,Scarlet,Elldred,1994,Xiangqiao
369,Allissa,Aleswell,1994,Lijiazui
370,Stevy,Ainsley,1997,Daye
371,Shurlocke,Bargh,2003,Vishnyakovskiye Dachi
372,Ozzie,Dormer,2010,Penggakrajeng
373,Misti,Heinrici,2012,Shanhe
374,Gina,Choldcroft,2000,Wan’an
375,Beryle,Morin,2006,Krajanbaturno
376,Merrill,Doorly,2001,El Pino
377,Pepillo,Ortsmann,1994,Zelenograd
378,Truda,Springett,2007,Padas
379,Lodovico,Baldacchino,1992,San Francisco de Macorís
380,Venita,Folomin,1992,Butubut Norte
381,Morrie,Stanton,2007,Tippi
382,Ugo,Shayler,2009,Barg-e Matāl
383,Donal,Detloff,1985,Kyriáki
384,Auroora,Grzelczyk,1995,Busilak
385,Donal,MacCumeskey,1995,Shuanghe
386,Arlen,Arthey,1999,Pemba
387,Indira,Le Grice,2006,Malaga
388,Jerrie,Rivallant,2003,Jiqu
389,Frasquito,Groomebridge,2004,Pau
390,Carling,Bennetts,1996,Guojiazhuang
391,Rora,Heyward,1985,Belén de los Andaquíes
392,Cammi,Clyant,1992,Zhili
393,Car,O'Moylan,2006,Rízoma
394,Jasmina,Raitie,1984,Teculután
395,Sheeree,Fonteyne,2011,Sorong
396,Jeanna,Moffatt,2004,Ţalkhā
397,Kermit,Anscott,1985,Ruda Śląska
398,Marchall,Steed,2007,Sumbersarikrajan
399,Dunstan,Dalli,1992,Leiwang
400,Lincoln,Duffill,1984,Hamburg Winterhude
401,Lissi,Dinnage,1996,Guaratuba
402,Hillier,Swetman,2003,Julayjilah
403,Tomasine,Willers,2007,Angan
404,Tammy,Billam,2007,Marseille
405,Edgar,Longhirst,2004,Xinshichang
406,Ernesto,Izatt,1995,Veliki Grđevac
407,Daune,Road,2006,Guling
408,Nadia,Misk,2010,Cijangkar
409,Hollis,Chadwyck,2003,Manaoag
410,Hanna,O'Flaverty,2003,Hongde
411,Alaster,Petel,1995,Torzhok
412,Cyrillus,Sainter,2001,Lamduan
413,Mara,Plews,2010,Weitang
414,Robert,Thing,2010,Liuheng
415,Aluino,Beckensall,2006,Obuasi
416,Rozelle,Dumsday,2003,Mörön
417,Kathie,Clow,2008,Verkhnyaya Khava
418,Theresa,Callear,1998,Verkhovyna
419,Hortense,Fulker,1995,Khodzhi-Gasan
420,Seline,Novichenko,1998,Quilo-quilo
421,Ab,Janovsky,1993,Manola
422,Minerva,Exon,1989,Cam Ranh
423,Gregoire,Quayle,2003,Embarcación
424,Darcie,Dilley,1996,Habry
425,Mala,Linn,1996,Ouésso
426,Hatty,Mouatt,1994,Makarov
427,Wynnie,Battams,1985,Abua
428,Sigfrid,Peevor,2011,Izra‘
429,Cullin,Bligh,1991,Ostrowite
430,Creight,Itzhaki,1960,Gurbuki
431,Marquita,Comley,1993,Andaray
432,Codee,Marchello,2005,Baroh
433,Titos,Van de Vlies,2011,Huating
434,Dorena,McDonell,1984,Aegela
435,Lucie,Pirolini,1991,Korenëvo
436,Cathlene,Seaborn,1990,Düsseldorf
437,Lucia,Richardson,2004,Banturkrajan
438,Bone,Meriott,2006,Opi
439,Meade,Emeny,2008,Grängesberg
440,Gannie,Fellenor,2000,Custóias
441,Pip,Douty,2008,Parigi
442,Nanni,Powers,1970,Datangzhuang
443,Netty,MacTague,2003,Zhangbang
444,Bonnee,Bellenger,1997,Minjian
445,Sharity,Gibbonson,2004,Minshan
446,Sunny,Forte,1993,Crateús
447,Rowe,Gow,2010,Lephalale
448,Hope,Ducham,2012,Laval
449,Tiertza,Brithman,2011,Solina
450,Bernette,Woliter,2010,Oslo
451,Lamar,Casse,2006,Drásov
452,Urbain,Fahrenbach,2010,Brades
453,Konrad,Cajkler,2009,Wanjia
454,Gabby,Frenzl,1999,Chelgard
455,Em,Bursell,1998,Meitang
456,Ches,Desson,2009,Sukaraja
457,Dael,Burgane,2000,Ndibène Dahra
458,Tracie,Menauteau,2008,Teuva
459,Carlota,Renison,2004,Majagual
460,Jerrylee,Midner,2012,Chong’ansi
461,Anastasie,Huckster,2003,Cikoneng
462,Miof mela,Bernadzki,2011,Nantes
463,Reid,Devenport,2006,Castro Barros
464,Ana,Polding,2006,Funtua
465,Adolf,Braiden,2011,Chiconi
466,Ava,Cattlow,1997,Nkongsamba
467,Catharine,Sherratt,2000,Parada de Todeia
468,Stavro,Borrie,1984,Tanjungkerta
469,Antony,Thursfield,1977,Haylaastay
470,Tommy,Philbrick,2007,Chapultepec
471,Tremayne,MacBean,1993,Borisovka
472,Marsha,Lockey,2006,Hamburg
473,Althea,Gudgion,2003,Sinjil
474,Rip,Korbmaker,1984,Zaragoza
475,Kendall,Jales,2004,Albion
476,Thornton,Shearstone,2001,Miskolc
477,Baxie,Millberg,1997,København
478,Blane,Ebbs,1992,København
479,Marni,Armour,1994,Nîmes
480,Jae,Tonepohl,2000,Carauari
481,Osgood,McGrail,2010,Matviyivka
482,Zebadiah,O'Kerin,1992,Shuntian
483,Cordie,Bidder,1974,Huotian
484,Parker,Gaspero,2006,Fajões
485,Elonore,Phython,2000,Ungca
486,Normand,Tomkin,1993,Kruisfontein
487,Helena,McGrouther,2007,Kiryandongo
488,Myrtia,Branca,1996,Hallstahammar
489,Giffard,Whittet,1988,Bohai
490,Karola,Tebbut,2010,Hesi
491,Lotty,Perez,1958,Sarongan
492,Olympe,Jaqueme,2007,Stříbro
493,Miguelita,D'Errico,2006,Sabugo
494,Hesther,Whillock,2009,Mirecourt
495,Joell,McKibbin,2005,San Francisco de Macorís
496,Cinnamon,Minocchi,2004,Humble
497,Kyle,Brehaut,2011,Krasnyy Oktyabr’
498,Tammie,Huntriss,1994,Zhongying
499,Malory,Zukerman,2012,Boleiros
500,Constantina,Wyper,1963,Sunnyvale
501,Mohammed,Prandi,1995,At Tibnī
502,Gnni,McArdell,2007,Shatoujiao
503,Brigg,Brinklow,1994,Palencia
504,Gretchen,McKissack,2013,Tadianjie
505,Maryanna,McCloud,2007,Gwadabawa
506,Hugo,McKnockiter,2009,Santa Rita Aplaya
507,Allix,Parrin,1995,Hashtgerd
508,Brucie,Scamerden,2008,Pantijan No 2
509,Tiffany,Benjamin,1990,Izazi
510,Franny,Reinhardt,2008,Nikolayevka
511,Daloris,Easter,2005,Pigeiros
512,Kaja,Maw,2002,Cawayan
513,Gaile,Gerling,1999,Elektrėnai
514,Gearalt,Blyde,1962,Santo Domingo Oeste
515,Granger,Manntschke,1992,Juigalpa
516,Berta,Navarijo,1994,Zhanlong
517,Luca,Bechley,2008,Los Pinos
518,Fayth,Edgson,1996,Shuikou
519,Ellynn,Bonehill,2012,Fátima
520,Zabrina,Crellim,2001,Longtang
521,Yehudit,Legan,1993,Rattanaburi
522,Garrott,Grevatt,1994,Macapá
523,Gabrila,Dewbury,2003,Matos da Ranha
524,Katha,Lowthian,2003,Padre Bernardo
525,Con,Dimbleby,1994,Strängnäs
526,Lena,Mertsching,1984,Rakhiv
527,Selestina,Chooter,2012,Hujia
528,Brooks,Legrand,2010,Sanxi
529,Nial,Soanes,1994,Bjästa
530,Agathe,Standall,2012,Kota Kinabalu
531,Feodor,Isacke,1991,Al Qadmūs
532,Dale,Bann,2009,Yinyang
533,Edmon,Oaten,1992,Hino
534,Kinnie,Jellico,2005,Wanling
535,Hana,Levett,2000,Cedynia
536,Raleigh,O'Hartnett,2004,Muchkapskiy
537,Carolynn,Kolis,2010,Waeng Yai
538,Lee,Jendrich,2006,Samobor
539,Phelia,Dawidman,1999,Zagórze
540,Elena,Magee,2006,Dabagou
541,Angelia,Dunstone,2005,Paraná
542,Henka,Bengtson,2007,Pueblo Nuevo
543,Noella,Souch,2006,Manglid
544,Jerry,O'Hallagan,2000,Espinal
545,Tyler,Carmo,2007,Sanjiazi
546,Siouxie,McNess,2004,Mander
547,Cherri,Errey,1993,Ngilengan
548,Torrie,Baughn,2009,Delod Pangkung
549,Tabor,Roger,1988,Srokowo
550,Gearard,Worsom,1992,Barcin
551,Gilburt,Cripps,1964,Catbalogan
552,Heinrik,Considine,1992,Balogo
553,Norine,Silliman,2013,Nueva Manoa
554,Merilyn,Sooper,2012,Naviraí
555,Kristel,Petran,2005,Garunggang
556,Rubin,Collier,2010,Outeiro
557,Olga,Egel,1996,Pointe Michel
558,Ignaz,Plumridge,2006,Liushui
559,Gertrudis,Sarvar,2008,Berdyans’k
560,Rubetta,Bulcroft,2002,Nansha
561,Beatrice,Mathivon,1993,Sukacai
562,Dorelle,Savine,2002,Arendal
563,Pansy,Boutellier,2008,Golem
564,Matthias,Gauntley,1986,Sivers’k
565,Myrle,Bridgement,2000,Greensboro
566,Brit,Fernihough,2000,Wudabao
567,Micky,Parks,2002,Moramanga
568,Gaby,Mussilli,2011,Kamiiso
569,Kai,Gibbieson,1997,Papringan
570,Rodd,Bineham,1998,Babana
571,Lynnea,Whitecross,2012,Nizhniy Chir
572,Salmon,Biner,2004,Le Blanc-Mesnil
573,Benni,Deaconson,2012,Jing’an
574,Arvie,Sibley,1992,Sosnovka
575,Hamnet,Finley,1990,Trnovlje pri Celju
576,Milissent,McFetrich,2002,Jinping
577,Adda,Englishby,1992,Sempu
578,Lorenza,Rippingale,2011,Stradbally
579,Lotti,Jimmes,2004,Heshi
580,Elysee,Paddon,1984,Biyang
581,Olivier,Creedland,2011,Phú Khương
582,Luz,Wynrehame,2010,Mangge
583,Davy,Derell,2002,Puerto de Nutrias
584,Karyn,McGlue,1994,Itoman
585,Talbert,O'Carroll,2001,Saharna
586,Kerrie,Torrese,2006,Goge
587,Arie,Luxen,1997,Callanca
588,Judas,Dobie,2009,George Town
589,Hyacinthie,Maryott,1992,Listowel
590,Gwenny,Cornes,1989,Sekararum
591,Noam,Convery,2007,Xankandi
592,Roseline,Verry,2006,Mendoza
593,Turner,Copley,1996,Riđica
594,Poul,Venour,2012,Campos
595,Lettie,Mompesson,2011,Pasiragung
596,Gideon,Brideoke,2006,Bent Jbaïl
597,Rustin,Dudlestone,1994,Talisayan
598,Alissa,Broadstock,1997,Karlshamn
599,Eward,Rizzardi,1997,Khŭjand
600,Martino,Duckering,2007,Poncokusumo
601,Karlie,Spencley,1990,Cacheu
602,Marie-ann,Usherwood,1995,Carvalheira
603,Nichol,Swinden,1985,Kragujevac
604,Rees,Winterborne,2008,Zall-Dardhë
605,Veronica,Roxbrough,2011,Várzea
606,Audre,Earry,2008,Nanortalik
607,Alfy,Stentiford,1984,Camocim
608,Cleopatra,Wardale,2010,Zhize
609,Vincenty,McGookin,1992,Madara
610,Yule,Threlkeld,2001,Wenhe
611,Fons,Duetschens,2001,Amboasary
612,Charlton,Devericks,2005,Czechowice-Dziedzice
613,Leonerd,Cull,1992,Langsepan
614,Dillie,Hannaby,1972,Muzambinho
615,Irina,Racine,2011,Banjar Batuaji Kaja
616,Justina,Lindegard,1990,Ciakar
617,Marj,Navein,2008,Savanna-la-Mar
618,Millard,Inston,2003,Haninge
619,Flem,Cadney,1998,Bang Klam
620,Earl,Scrivens,1996,Grand Rapids
621,Ynez,Deacock,1989,Wilmington
622,Tudor,Broadnicke,1999,Enskede
623,Caprice,Gregan,2007,Ngrowo
624,Agnesse,Brugman,1995,Jeseník
625,Bernarr,Gifford,1989,Tabuadelo
626,Pooh,Debenham,2007,Rokiškis
627,Essy,Ingerman,1992,Ibarra
628,Ric,Rushbury,2009,Chimtāl
629,Davey,McPhail,2012,Lahar
630,Imelda,Starbeck,2004,Skórcz
631,Catina,Flaune,1984,Ourovéni
632,Carleton,Crielly,2005,Sundbyberg
633,Tully,Bernon,1993,Shangani
634,Ravi,Rudham,2011,Uitenhage
635,Dennie,Rodrigues,2004,Checun
636,Joelynn,Frederick,2004,Xugu
637,Nevin,Conradie,1996,Lembur Tengah
638,Carmen,Tottman,2012,Khantaghy
639,Annecorinne,Binestead,2010,Memaliaj
640,Barney,Janicijevic,1997,Guaranésia
641,Peadar,Ugolotti,1998,Dawan
642,Waverly,Mosen,2012,Cheonan
643,Rheta,Whatsize,1997,Bahay Pare
644,Dulcea,Biasioli,1996,Yangshan
645,Myrtie,Gatland,1996,Cubatão
646,Antoinette,Fass,2007,San Marcos de Colón
647,Eward,Tacon,2011,Shangcheng Chengguanzhen
648,Port,Domengue,1993,Okinawa Número Uno
649,Ileana,Hammerman,1999,Palangkaraya
650,Romonda,Liverock,2009,Bariri
651,Kimmie,Hayzer,2001,Sekolan
652,Harwilll,Pizzey,1988,Khiwa
653,Pandora,St Ledger,2011,Yanwan
654,Jacklin,Stavers,2006,Podgorica
655,Cullan,McCleverty,1987,Putinci
656,Janetta,Jochens,2012,Kaolack
657,Ermanno,Lapere,2000,Mesógi
658,Bobby,Soreau,2008,Don Carlos
659,Inez,Bushby,1985,Jikamshi
660,Vincenz,Bertie,2005,Montecristi
661,Sydney,Gurnee,2006,Adelaide
662,Querida,Naile,1993,Zhushan
663,Esme,Scurrey,2010,Boston
664,Brodie,Battyll,1993,Cipadung
665,Wheeler,Krysiak,2008,Sammatti
666,Alyssa,Goodinge,1970,Poitiers
667,Cliff,Spinige,1999,Habiganj
668,Smith,Dreossi,2008,Alaminos
669,Debby,Derrington,1991,São Roque
670,Zora,Balog,2011,Kamenický Šenov
671,Stephanus,Marchand,1995,Mojimán
672,Giacomo,Iskowicz,2009,Kelaniya
673,Conrad,Matthessen,1997,Góra Kalwaria
674,Kate,Jack,1997,Gouxaria
675,Ileane,Jandak,1987,Zhangtan
676,Garth,MacAllan,1995,Ts’khinvali
677,Thalia,Bodemeaid,2011,La Libertad
678,Sophey,Lionel,1999,Pitangui
679,Glenna,Robard,2008,Azurva
680,Linette,Gaggen,1993,Baturité
681,Cordie,Sawyers,2011,Zdíkov
682,Vincenty,Toman,2002,Moss
683,Benjamen,Gori,1996,Ban Nong Wua So
684,Laurianne,Noar,1998,Bao’an
685,Kelila,Soda,1968,Jia’an
686,Frasquito,Lazell,1994,Utrecht (stad)
687,Merilyn,Waistall,2007,Ngorongoro
688,Tabby,Pridden,2011,Irahuan
689,Cybil,Goddert.sf,2001,Keren
690,Enriqueta,Boshere,2008,Buqei‘a
691,Prinz,Grushin,2012,Frankfurt am Main
692,Babs,Kidd,2001,Batticaloa
693,Ansell,Dryden,2011,Radzanów
694,Graham,Salvatore,2003,Bebedouro
695,Clementius,Myderscough,2008,Sŭedinenie
696,Derk,Dalloway,2006,Taldyqorghan
697,Marcella,Shera,2003,Jarigue
698,Leeann,Yarnley,2004,Cigadog Hilir
699,Pavlov,Mustill,1993,Zgornje Pirniče
700,Jeniffer,Royl,2012,Culacling
701,Lemar,Cowle,2006,Williston
702,Olivier,Cowhig,1992,Itapecuru Mirim
703,Brandais,Dy,1985,Batiovo
704,Suzann,Swetenham,2007,Curug
705,Danya,Drife,2000,Casillas
706,Phyllida,Pringell,1999,Bururi
707,Llewellyn,Jolliman,1989,Novhorod-Sivers’kyy
708,Bevon,Qualtro,1996,Aguaí
709,Quillan,Bonnin,2003,Puor
710,Lita,Brock,2008,Pajeksan
711,Tonye,Botterill,2010,Nanfeng
712,Justis,Beamiss,2011,Cherëmushki
713,Ethelbert,Hellens,1991,Banyulegi
714,Benson,Lenton,2006,Buenaventura
715,Darrelle,Fields,1993,Fornos
716,Susi,Dugan,1993,Al Ḩāḑir
717,Faustina,Brent,1992,Szydłowo
718,Tarrance,Gammack,1990,Fyllingsdalen
719,Trudy,Danilov,2009,Khiv
720,Jeffy,Wynes,2005,Letsheng
721,Heda,Fishbourne,1988,Sugihan
722,Kordula,Gremain,1996,Duboka
723,Shanie,Fatharly,2000,Shiogama
724,Lynsey,Silcocks,1995,Abū Ghaush
725,Oralle,Colquhoun,2002,Samut Songkhram
726,Kenyon,Godridge,2009,Tukbur
727,Nadia,Milton-White,2005,Kėdainiai
728,Britni,Arger,2003,Payapa
729,Teressa,Pock,2002,Inírida
730,Melamie,Eamer,2010,Zdíkov
731,Steven,Rawe,2000,Somovo
732,Pegeen,Carruthers,2003,Zubří
733,Viola,Spadelli,2012,Manturovo
734,Dode,MacGibbon,2003,Belomorsk
735,Mile,Pristnor,2010,Bollnäs
736,Nicol,Apfelmann,2010,Gião
737,Calhoun,Heakey,2004,Netolice
738,Laverna,Tarpey,1992,Franco da Rocha
739,Marcos,Viant,1996,Arjawinangun
740,Vannie,Sutherby,1989,Raniżów
741,Jocko,Pinnington,1997,Vetlanda
742,Salaidh,Errichiello,2003,Peremyshl’
743,Gottfried,Jarrold,2010,Dutsin Ma
744,Farand,Sommerton,1993,Al Qurayn
745,Maryrose,Cheke,1985,Cibinong Satu
746,Normie,Witson,2010,Beranci
747,Moselle,Stambridge,2005,Birštonas
748,Shel,Ragbourn,2008,Kototujuh
749,Blaine,Krienke,1992,Yuracyacu
750,Elwin,Abade,2001,Swift Current
751,Tobit,Duggan,2008,Cambará
752,Dionis,McCusker,2006,Vetluzhskiy
753,Lyndsay,Tytterton,2009,Sanquan
754,Alanah,Lohrensen,2006,Souran
755,Brewer,Tickner,1991,Dagestanskiye Ogni
756,Matteo,Popland,2000,Savonranta
757,Sonnie,Brashier,2002,Toronto
758,Jule,Carles,2010,Kvartsitnyy
759,Quentin,Hakey,1996,Sandayong Sur
760,Brittne,Triner,2011,Ribeirão
761,Arlee,Dinning,1995,Pongol
762,Suzy,Langran,2006,Osekovo
763,Holli,Mate,1993,Heshang
764,Wilow,Merrydew,2001,Cordeiro
765,Krispin,Crowley,2010,Aş Şaff
766,Kerr,Vennings,2006,Madette
767,Cully,Ruck,2004,Larnaca
768,Megan,Basillon,2000,Lewolang
769,Redford,Vanderplas,1992,Sil-li
770,Dilly,Boraston,1994,San Andrés Xecul
771,Seline,Keld,2001,Bagarmossen
772,Tybalt,Lippiello,2009,Jishan
773,Carolynn,Santon,2003,Okinawa Número Uno
774,Bari,Doddemeede,2011,Tangfang
775,Brianna,Arcase,2011,Leran Wetan
776,Al,Ambrosch,2004,Xihe
777,Genna,Spencers,1999,Yvetot
778,Rodrigo,Tack,1995,Alexandria
779,Vachel,Readhead,1998,Pankshin
780,Ferrell,Medmore,1987,Trzciana
781,Shana,McMurty,2001,Zhangxi
782,Feodora,Loweth,1984,Las Matas de Farfán
783,Talya,Rotham,1999,Bralin
784,Pietro,Cazereau,1992,Anahawan
785,Dulsea,Rove,1984,Nowa Ruda
786,Coreen,Viscovi,1995,Thị Trấn Bình Mỹ
787,Clerc,Roffey,1994,Laugar
788,Benedetto,Lavalle,1993,Rodotópi
789,Skell,Van Haeften,1997,Monte Branco
790,William,Carlisle,1999,Ugljan
791,Taite,Abethell,2002,Oeri’u
792,Lennie,Filon,1994,Canauay
793,Grace,Daniaud,2009,San Isidro
794,Elyse,Purkess,1994,Shebekino
795,Talyah,Jarrard,2003,Bultfontein
796,Erinna,Siebart,1997,Chişinău
797,Obie,Keppin,1998,Krong Pi Nang
798,Jessica,Beebee,2011,E’zhou
799,Rorie,Lemon,2006,Krasnyy Luch
800,Chrisse,Mazzia,1998,Nangalimang
801,Chloe,Gillean,2008,Västra Frölunda
802,Lita,Artrick,2008,Roissy Charles-de-Gaulle
803,Wade,Grichukhin,1975,Stockholm
804,Rex,Ianiello,1997,Yuli
805,Latia,Guillem,1993,Melikkrajan
806,Noby,Jansema,2012,Kaduluhur
807,Levon,Braven,1985,Biasong
808,Ozzie,Ramsden,2002,Qimantage
809,Lexie,Sellman,2000,Lyubotyn
810,Olive,Lackham,2009,Taraban Timur
811,Towney,Falco,2008,La Paz
812,Dagmar,Booth,2013,Al ‘Ashshah
813,Carlin,Sinton,1994,Zhoujiadian
814,Bevon,Malin,1985,Ōnojō
815,Luella,Holdforth,2005,Gucheng
816,Lonnie,Karpushkin,2000,Ranisoba
817,Uriah,Hamelyn,1985,Sangojar
818,Marget,Moncreif,2000,Labytnangi
819,Richart,Barnett,2000,Alfenas
820,Eadmund,Ferronier,1992,Thị Trấn Hát Lót
821,Stacia,Gasgarth,2004,Tangchi
822,Archie,Di Frisco,2007,Monching
823,Ricard,Maskew,2006,Mata de São João
824,Tam,Vala,2002,Diaopu
825,Jeffry,Dowty,2005,Messina
826,Lu,Bamborough,2007,Kyzylorda
827,Ramsey,Eyers,2011,Velyka Lepetykha
828,Ewan,Hailwood,1997,Santiago
829,Heriberto,Trew,2004,Huangling
830,Al,Buckbee,2012,Tamnag
831,Sharai,Fihelly,2008,Shangjie
832,Patty,Ciciura,2004,Liancheng
833,Craggie,Corker,1967,Tangxing
834,Kimbra,Deller,2005,San Esteban
835,Rayner,Ellif,2009,Zuwārah
836,Daniella,Heams,2002,Ngorongoro
837,Edward,Daymont,2006,Bukitkemuning
838,Raoul,Willshere,2013,Duboka
839,Britta,Meagher,2010,Pingli
840,Olenka,Licciardi,1992,Shebekino
841,Lovell,Mulqueen,2002,Zhencheng
842,Guido,Stefanovic,2004,Isyangulovo
843,Phineas,Abrahamsohn,2013,Ouricuri
844,Ricky,Vedeshkin,2011,Đức Phong
845,Brook,Schaffel,1998,Lenghu
846,Laird,Catley,2003,Dubovka
847,Stella,Veare,1998,Bressuire
848,Carver,Bernucci,1995,Paris 19
849,Brandtr,Trevance,2006,Xintang
850,Evvie,Wills,1997,Lubu
851,Carita,Casterot,1999,Vapnyarka
852,Ulick,Shane,2003,Kawit
853,Doreen,Hullock,1984,Santa Cruz Muluá
854,Carson,Semon,2003,Cruz de los Milagros
855,Cindelyn,Bagott,1988,Shunhe
856,Mona,McAusland,2008,Andou
857,Peadar,Goshawk,2002,Sison
858,Kitti,Marcum,2006,Bor Tungge
859,Chelsie,Dunkerton,2008,Kletek
860,Concettina,Tunnicliff,1992,Al Ḩarf
861,Justis,Guterson,1992,Khomutovo
862,Eduino,Kennion,2007,Kosmach
863,Ronni,Danelut,1997,Avaré
864,Charisse,Baldree,1975,Semenivka
865,Therese,Rijkeseis,2005,Sumbuya
866,Hugibert,Eberle,2001,Tohong
867,Felicity,Marrett,2011,Parczew
868,Leshia,Bracknall,2012,Paris 05
869,Gwennie,Iggalden,2010,Ananindeua
870,Tressa,Morican,1988,Kedungcangkring
871,Rudd,Fitzsimmons,2005,Natarleba
872,Sophi,Grassot,1998,Berbera
873,Gaynor,Rawes,2001,Bangolo
874,Carlin,Healings,2010,Jajarkrajan
875,Petunia,MacDiarmond,2011,Mentoro Wetan
876,Fabe,Caren,1999,Ulanov
877,Etienne,Badsworth,2003,Calçada
878,Mandel,Minerdo,1995,Sofifi
879,Marthena,Vasilchenko,1991,Benjamín Aceval
880,Curcio,Dawtrey,1992,Wāling
881,Lory,Roller,2009,Petropavlivka
882,Peterus,Dugget,2007,Carromeu
883,Miner,Mohun,1986,Leyuan
884,Lilla,Whittlesea,1992,Bogojevo
885,Hugues,Willbond,2008,Qiagai
886,Miran,Dengel,2002,San Agustín
887,Shell,Morefield,2011,Labinot-Mal
888,Stacia,Wickman,1990,Hengqiao
889,Jaquith,Jewkes,1994,Sanjiazi
890,Karlie,Rollo,2003,Bandaragung
891,Melly,Pharoah,1997,Čapljina
892,Wes,Venus,1997,Wulongshan
893,Shannon,Witcomb,2012,Laç
894,Nesta,Lawday,1993,Qingyang
895,Goldina,Hart,2002,Peresvet
896,Phaidra,Messier,2004,Tanjungluar
897,Kiah,Evetts,2000,Duzhenwan
898,Ginger,McElrath,2002,Liufu
899,Yolane,Mabbot,2008,Bancak Wetan
900,Wilma,Whitnall,1996,Sentul
901,Elliott,Kenwrick,2003,Nové Město pod Smrkem
902,Bartram,Delucia,1999,Jampang Tengah
903,Adler,Wilacot,2004,Kertasari
904,Amandy,Breckon,2001,Gračec
905,Rhianon,Dumbar,2004,Pápa
906,Fonz,Moresby,1996,Ganjiachang
907,Babs,Hovert,2009,Oyam
908,Franchot,Eller,2010,Naikolan
909,Lawton,Hancill,2007,Zakamensk
910,Beth,Kerfut,1997,Bom Jesus da Lapa
911,Nathanael,Whyard,2000,Antopal’
912,Gardie,Avey,1995,Velká Bíteš
913,Cordey,Scudamore,1991,Fulu
914,Zack,Skouling,2010,Gandusari
915,Darsie,Cotty,2009,Libas
916,Ashli,Benedetti,1994,Banjar Mambalkajanan
917,Rivy,Schindler,2009,Francisco Villa
918,Chickie,Dublin,2007,Bergen
919,Tomas,Sandeland,2010,Romans-sur-Isère
920,Donica,Fone,1970,Grästorp
921,Juli,Spurdens,1995,Situ
922,Gardie,Andersch,1996,Binitayan
923,Alena,Shoard,2011,Rio Bonito
924,Zacharie,Goreway,2005,La Caya
925,Florry,Procter,2009,Darya Boyi
926,Olly,Humberstone,1996,Tenjolaya
927,Rafa,Petrelli,1999,Pombal
928,Catlaina,Trapp,2006,Cibeureum Kidul
929,Roseanna,Clyne,1988,Ilihan
930,Mollee,Eynon,1994,Tafeng
931,Rowney,Petriello,2012,Seixo de Manhoses
932,Andie,Kopmann,1984,Guojiaba
933,Martin,Dolley,1998,Gora
934,Miguela,Wollen,2012,Pende
935,Alexine,Hathwood,1998,Balong
936,Dall,Skinner,1994,San Isidro
937,Lauryn,Shelsher,1995,Slobodnica
938,Worthy,Pool,2012,Blagoveshchensk
939,Elsy,Matushevitz,1986,Naranjos
940,Reid,Fardell,1994,Marmande
941,Gunner,Bruneau,2006,Shihuiqiao
942,Vanna,Rannie,2003,Sombor
943,Hewett,Ewbank,2005,Beruniy
944,Bailie,MacDearmaid,1993,Hebian
945,Melosa,Tirrey,1998,Zhaoqing
946,Davidde,Evelyn,2009,Stará Huť
947,Yoshi,Laing,2011,San Sebastian
948,Dorothy,Barnfather,2011,Borås
949,Larry,Kitchener,2006,Suka Makmue
950,Laryssa,Dumingo,2002,Maxiao
951,Chen,Cereceres,1993,Bridgetown
952,Rafaellle,Vaudin,2012,Ouani
953,Lynn,Waldocke,2001,Toliara
954,Clareta,Mordanti,1992,Sant Julià de Lòria
955,Nert,Litzmann,2005,Cibugel
956,Neale,Plaide,2008,Muyudian
957,Glenda,Stuehmeyer,1993,Dongfeng
958,Harmony,Wildblood,2006,Oras
959,Pietra,Haggith,2009,Sulahan
960,Arri,Caine,1992,Issy-les-Moulineaux
961,Marina,Trimmill,1997,San Carlos
962,Denyse,Vizor,1997,Kedungtulup
963,Ami,Szanto,1996,Yacuíba
964,Ali,Skurm,1986,Liufu
965,Chuck,Cokly,2012,Rawannawi Village
966,Berkie,Bowcock,2006,Chambéry
967,Rhiamon,Carnaman,1997,Chynów
968,Lonnard,Scholer,2000,Yugawara
969,Fonz,Wheelan,1998,Chrastava
970,Emmey,Theml,1997,Redange-sur-Attert
971,Leanor,Dominey,1996,Rājo Khanāni
972,Nikolas,Jonathon,2005,Nishi-Tokyo-shi
973,Tera,State,1999,Heilangkou
974,Helena,Sayce,1990,Dimayon
975,Joye,Grimble,2008,Wewoloe
976,Rosalind,Conybear,1997,Símantra
977,Marijo,Anmore,1999,Xinsheng
978,Winnifred,Parzis,1998,San Vicente
979,Cara,Macy,1984,Abade de Neiva
980,Thea,Kindall,2009,Sebu
981,Robb,Kilmaster,2000,Jetaral
982,Eric,Daldry,1979,Kolomak
983,Stacia,Sieghart,2009,Podhum
984,Tyrus,Counihan,2007,Velké Meziříčí
985,Kinnie,Bortoluzzi,1994,Bezhta
986,Fanya,Benfield,2012,Banjar Kertasari
987,Woody,Stabbins,1994,Gapuk
988,Sutherland,Dog,1966,Pagersari
989,Phylys,Peplow,1993,Aminga
990,Jesse,Stuart,2001,Estrada
991,Hobard,Paule,2008,Santa Cruz de Barahona
992,Lew,Basketter,1999,Nsanje
993,Benedetta,Girardot,1999,Querocotillo
994,Ollie,Tesauro,2007,Acli
995,Remus,Maunton,2002,Sam Ngam
996,Berkie,Hourigan,2009,Sydney
997,Natalie,Gockeler,1994,Yebaishou
998,Reidar,Helliwell,2009,Sernur
999,Isiahi,Schoular,2008,Qingquan
1000,Jessica,Albro,2008,Constantia
